Key,English,German,Spanish,Portuguese,Bengali,Hindi,French,Japanese,Korean,Arabic
Filter.FilterNameSale,Sale,Verkauf,Venta,Oferta,বিক্রয়,बिक्री,Vente,セール,판매,أُوكَازيُون
Filter.FilterNameClothes,Clothes,Kleidung,Ropa,Roupas,বস্ত্র,कपड़े,Vêtements,服,옷,ملابس
Filter.FilterNameNovelties,Novelties,Neuheiten,Novedades,Novelies,অভিনবত্ব,सस्ता माल,Nouveautés,ノベルティ,보지 못하던 상품,المستجدات
Filter.FilterNameShoes,Shoes,Schuhe,Zapatos,Sapato,জুতা,जूते,Chaussures,靴,신발,أحذية
Filter.FilterNameAccessories,Accessories,Zubehör,Accesorios,Acessórios,আনুষাঙ্গিক,सामान,Accessoires,アクセサリー,부속품,مُكَمِّلات
Ad.ShortOne,Weekend looks,Wochenend -Looks,Looks de fin de semana,Olha de semana,উইকএন্ড চেহারা,सप्ताहांत दिखता है,Le week-end looks,週末の見た目,주말 외모,تبدو عطلة نهاية الأسبوع
Ad.ShortTwo,"Beautiful looks
with silk","Schöne Aussehen
mit Seide","Hermosa apariencia
con seda","Linda aparência
com seda","সুন্দর চেহারা
সিল্কের সাথে","सुंदर लग रहा है
रेशम के साथ","Beaux regards
avec de la soie","美しいルックス
シルク付き","아름다운 외모
실크로","مظهر جميل
مع الحرير"
Ad.ShortThree,Warm looks for fall,Warmes Aussehen für den Herbst,Looks cálidos para el otoño,Looks calorosos para o outono,পতনের জন্য উষ্ণ চেহারা,गर्म गिरावट के लिए लगता है,Regarde chaleureux pour l'automne,秋の温かい外観,가을을위한 따뜻한 모습,نظرة دافئة للسقوط
Filter.Name,Filters,Filter,Filtros,Filtros,ফিল্টার,फिल्टर,Filtres,フィルター,필터,المرشحات
Ad.OneName,Cultural vacation,Kultururlaub,Vacaciones culturales,Férias culturais,সাংস্কৃতিক অবকাশ,सांस्कृतिक अवकाश,Vacances culturelles,文化的な休暇,문화 휴가,عطلة ثقافية
Ad.OneDesk,"Theater, exhibitions and classical music concerts - 
a minimalistic look is ideal for these events.","Theater, Ausstellungen und klassische Musikkonzerte -
Ein minimalistisches Aussehen ist ideal für diese Ereignisse.","Teatro, exposiciones y conciertos de música clásica -
Un aspecto minimalista es ideal para estos eventos.","Teatro, exposições e concertos de música clássica -
Uma aparência minimalista é ideal para esses eventos.","থিয়েটার, প্রদর্শনী এবং শাস্ত্রীয় সংগীত কনসার্ট -
এই ইভেন্টগুলির জন্য একটি নমনীয় চেহারা আদর্শ।","थिएटर, प्रदर्शनियां और शास्त्रीय संगीत संगीत कार्यक्रम -
इन घटनाओं के लिए एक न्यूनतम रूप आदर्श है।","Théâtre, expositions et concerts de musique classique -
Un look minimaliste est idéal pour ces événements.","劇場、展示、クラシック音楽コンサート - 
これらのイベントに最小限の外観が理想的です。","극장, 전시 및 클래식 음악 콘서트 -
최소한의 모습은 이러한 사건에 이상적입니다.","المسرح والمعارض والحفلات الموسيقية الكلاسيكية -
المظهر البسيط هو مثالي لهذه الأحداث."
Ad.TwoName,Warm looks for fall,Warmes Aussehen für den Herbst,Looks cálidos para el otoño,Looks calorosos para o outono,পতনের জন্য উষ্ণ চেহারা,गर्म गिरावट के लिए लगता है,Regarde chaleureux pour l'automne,秋の温かい外観,가을을위한 따뜻한 모습,نظرة دافئة للسقوط
Ad.TwoDesk,"A comfortable look for long walks, such as through a snowy park or forest","Ein komfortabler Look für lange Spaziergänge, beispielsweise durch einen schneebedeckten Park oder einen Wald","Un aspecto cómodo para paseos largos, como a través de un parque nevado o un bosque.","Um visual confortável de longas caminhadas, como através de um parque ou floresta nevada",দীর্ঘ হাঁটার জন্য একটি আরামদায়ক চেহারা যেমন তুষারযুক্ত পার্ক বা বনের মাধ্যমে,"लंबी सैर के लिए एक आरामदायक लुक, जैसे कि बर्फीला पार्क या जंगल के माध्यम से","Un look confortable pour de longues promenades, comme par un parc ou une forêt enneigée",雪に覆われた公園や森などの長い散歩の快適な外観,눈 덮인 공원이나 숲을 통한 긴 산책에 대한 편안한 모습,نظرة مريحة للمشي لمسافات طويلة ، مثل من خلال حديقة ثلجية أو غابة
Ad.ThreeName,Concise accessories,Prägnantes Zubehör,Accesorios concisos,Acessórios concisos,সংক্ষিপ্ত আনুষাঙ্গিক,संक्षिप्त सहायक उपकरण,Accessoires concises,簡潔なアクセサリー,간결한 액세서리,ملحقات موجزة
Ad.ThreeDesk,"To accentuate this casual look, add laconic accessories to the look","Um diesen ungezwungenen Look zu betonen, fügen Sie dem Look lakonische Accessoires hinzu","Para acentuar este aspecto informal, agregue accesorios lacónicos al look","Para acentuar essa aparência casual, adicione acessórios lacônicos à aparência","এই নৈমিত্তিক চেহারাটি উচ্চারণ করতে, চেহারাতে ল্যাকোনিক আনুষাঙ্গিক যুক্ত করুন","इस कैज़ुअल लुक को कम करने के लिए, लुक में लैकोनिक एक्सेसरीज जोड़ें","Pour accentuer ce look décontracté, ajoutez les accessoires laconiques au look",このカジュアルな外観を強調するには、外観に性的アクセサリーを追加します,이 캐주얼 모양을 강조하려면 외관에 열렬한 액세서리를 추가하십시오.,لإبراز هذا المظهر غير الرسمي ، أضف ملحقات laconic إلى المظهر
Ad.FourName,Weekend looks,Wochenend -Looks,Looks de fin de semana,Olha de semana,উইকএন্ড চেহারা,सप्ताहांत दिखता है,Le week-end looks,週末の見た目,주말 외모,تبدو عطلة نهاية الأسبوع
Ad.FourDesk,"If you plan to have fun, but you don't want to wear dressy dresses and suits, look for something more comfortable","Wenn Sie vorhaben, Spaß zu haben, aber keine eleganten Kleider und Anzüge tragen möchten, suchen Sie nach etwas Bequemerem","Si planeas divertirte, pero no quieres usar vestidos y trajes elegantes, busca algo más cómodo","Se você planeja se divertir, mas não quer usar vestidos e ternos elegantes, procure algo mais confortável","আপনি যদি মজা করার পরিকল্পনা করেন তবে আপনি পোশাকযুক্ত পোশাক এবং স্যুট পরতে চান না, আরও আরামদায়ক কিছু সন্ধান করুন","यदि आप मज़े करने की योजना बनाते हैं, लेकिन आप कपड़े पहने कपड़े और सूट नहीं पहनना चाहते हैं, तो कुछ और आरामदायक देखें","Si vous prévoyez de vous amuser, mais que vous ne voulez pas porter de robes et de costumes habillés, cherchez quelque chose de plus confortable",楽しむことを計画しているが、ドレッシードレスやスーツを着たくない場合は、もっと快適なものを探してください,재미를 계획하지만 드레스 드레스와 옷을 입고 싶지 않다면 더 편안한 것을 찾으십시오.,إذا كنت تخطط للاستمتاع ، لكنك لا ترغب
Basket.Total,Total:,Gesamt:,Total:,Total:,মোট:,कुल:,Total:,合計：,총:,المجموع:
Basket.GoToCheckout,Go to checkout,Zum Checkout gehen,Ir a pagar,Vá para o checkout,চেকআউট যেতে,परिक्षण के लिए जाएं,Aller à la caisse,チェックアウトに行きます,결제하십시오,انتقل إلى الخروج
Info.Size,Size,Größe,Tamaño,Tamanho,আকার,आकार,Taille,サイズ,크기,مقاس
Info.AddButton,Add to bag,Der Tasche hinzufügen,Agregar a la bolsa,Adicione à bolsa,ব্যাগে রাখো,थैले के साथ जोड़ो,Ajouter au panier,かごに入れます,가방에 추가하다,أضف الى الحقيبة
Basket.Number,Number,Nummer,Número,Número,সংখ্যা,संख्या,Nombre,番号,숫자,رقم
Basket.FN,First Name,Vorname,Nombre de pila,Primeiro nome,নামের প্রথম অংশ,पहला नाम,Prénom,ファーストネーム,이름,الاسم الأول
Basket.LN,Last Name,"Familienname, Nachname",Apellido,Sobrenome,নামের শেষাংশ,उपनाम,Nom de famille,苗字,성,اسم العائلة
Basket.Adress,Adress,Ein Kleid,Dirección,Endereço,অ্যাড্রেস,पता,Une robe,アドレス,주소,adress
Basket.ManF,Mandatory filling,Obligatorische Füllung,Llenado obligatorio,Recheio obrigatório,বাধ্যতামূলক ফিলিং,अनिवार्य भरने,Remplissage obligatoire,必須の充填,필수 충전,ملء إلزامي
Basket.Street,Street,Straße,Calle,Rua,রাস্তা,गली,Rue,通り,거리,شارع
Basket.City,City,Stadt,Ciudad,Cidade,শহর,शहर,Ville,市,도시,مدينة
Basket.State,State,Zustand,Estado,Estado,অবস্থা,राज्य,État,州,상태,ولاية
Basket.Zip,Zip,Reißverschluss,Cremallera,Fecho eclair,জিপ,ज़िप,Fermeture éclair,ジップ,지퍼,أَزِيز
Basket.Payment,Payment,Zahlung,Pago,Pagamento,অর্থ প্রদান,भुगतान,Paiement,支払い,지불,قسط
Basket.Card,Card,Karte,Tarjeta,Cartão,কার্ড,कार्ड,Carte,カード,카드,بطاقة
Basket.Cash,Cash,Kasse,Dinero,Dinheiro,নগদ,नकद,Espèces,現金,현금,نقدي
Basket.Delivery,Delivery,Lieferung,Entrega,Entrega,বিতরণ,वितरण,Livraison,配達,배달,توصيل
Basket.Courier,Courier,Kurier,mensajero,Correio,কুরিয়ার,संदेशवाहक,Courrier,宅配便,택배원,ساعي
Basket.Post,Post,Post,Correo,Publicar,পোস্ট,डाक,Poste,役職,우편,بريد
Basket.CashInfo,"After placing an order, a manager will contact you to clarify the data. Payment is made by cash or card upon receipt of the order at the local post office or by courier at the time of delivery","Nach dem Aufgeben einer Bestellung wird ein Manager Sie kontaktieren, um die Daten zu klären. Die Zahlung erfolgt nach Eingang der Bestellung in der örtlichen Post oder zum Kurier zum Zeitpunkt der Lieferung durch Bargeld oder Karte","Después de realizar un pedido, un gerente se comunicará con usted para aclarar los datos. El pago se realiza en efectivo o tarjeta al recibir el pedido en la oficina de correos local o por mensajería al momento de la entrega","Depois de fazer um pedido, um gerente entrará em contato com você para esclarecer os dados. O pagamento é feito por dinheiro ou cartão após o recebimento do pedido nos correios locais ou por correio no momento da entrega","অর্ডার দেওয়ার পরে, একজন পরিচালক ডেটা স্পষ্ট করতে আপনার সাথে যোগাযোগ করবেন। স্থানীয় পোস্ট অফিসে অর্ডার প্রাপ্তির পরে বা প্রসবের সময় কুরিয়ার দ্বারা নগদ বা কার্ডের মাধ্যমে অর্থ প্রদান করা হয়","एक आदेश देने के बाद, एक प्रबंधक डेटा को स्पष्ट करने के लिए आपसे संपर्क करेगा। डिलीवरी के समय या कूरियर द्वारा ऑर्डर प्राप्त होने पर नकद या कार्ड द्वारा भुगतान किया जाता है","Après avoir passé une commande, un gestionnaire vous contactera pour clarifier les données. Le paiement est effectué en espèces ou par carte à la réception de la commande au bureau de poste local ou par courrier au moment de la livraison",注文した後、マネージャーはお客様に連絡してデータを明確にします。支払いは、現地郵便局での注文を受け取ったときに現金またはカードによって行われるか、配達時に宅配便で行われます,주문을 한 후 관리자는 귀하에게 연락하여 데이터를 명확히합니다. 지불은 현금 또는 카드로 현금 또는 카드로 현지 우체국에서 주문을 받거나 배송시 택배에 의해 이루어집니다.,بعد تقديم طلب ، سيتصل بك المدير لتوضيح البيانات. يتم الدفع بالنقد أو البطاقة عند استلام الطلب في مكتب البريد المحلي أو بواسطة البريد السريع في وقت التسليم
Basket.Save,Save my data for future orders,Speichern Sie meine Daten für zukünftige Bestellungen,Guardar mis datos para pedidos futuros,Salve meus dados para pedidos futuros,ভবিষ্যতের আদেশের জন্য আমার ডেটা সংরক্ষণ করুন,भविष्य के आदेशों के लिए मेरा डेटा सहेजें,Enregistrez mes données pour les commandes futures,将来の注文のために私のデータを保存します,향후 주문을 위해 내 데이터를 저장하십시오,احفظ بياناتي للطلبات المستقبلية
Settings.Language,Language,Sprache,Idioma,Linguagem,ভাষা,भाषा,Langue,言語,언어,لغة
Settings.Delivery,Delivery address,Lieferadresse,Dirección de entrega,Endereço de entrega,সরবরাহের ঠিকানা,डिलिवरी का पता,Adresse de livraison,配達アドレス,배달 주소,عنوان التسليم
Settings.Privacy,Privacy policy,Datenschutzrichtlinie,Política de privacidad,Política de Privacidade,গোপনীয়তা নীতি,गोपनीयता नीति,Politique de confidentialité,プライバシーポリシー,개인 정보 정책,سياسة الخصوصية
Settings.Terms,Terms of use,Nutzungsbedingungen,Condiciones de uso,Termos de uso,ব্যবহারের শর্তাবলী,उपयोग की शर्तें,Conditions d'utilisation,利用規約,이용 약관,شروط الاستخدام
Clothes.Beach,Beach hat,Strandhut,Sombrero de playa,Chapéu de praia,সৈকত টুপি,समुद्र तट की टोपी,Chapeau de plage,ビーチハット,해변 모자,قبعة الشاطئ
Clothes.BeachDesk,"This stylish beach hat is a must-have accessory for sunny days by the water. Made from lightweight and breathable materials, it features a wide brim to provide shade and protection from the sun. The versatile design makes it suitable for various beach activities or simply lounging by the pool.","Dieser stilvolle Strandhut ist ein Muss für sonnige Tage am Wasser. Es besteht aus leichten und atmungsaktiven Materialien und verfügt über einen breiten Rand, um Schatten und Schutz vor der Sonne zu bieten. Das vielseitige Design macht es für verschiedene Strandaktivitäten geeignet oder einfach am Pool.","Este elegante sombrero de playa es un accesorio imprescindible para los días soleados junto al agua. Hecho de materiales ligeros y transpirables, presenta un borde ancho para proporcionar sombra y protección del sol. El diseño versátil lo hace adecuado para varias actividades de playa o simplemente descansando junto a la piscina.","Este elegante chapéu de praia é um acessório obrigatório para dias ensolarados pela água. Feito de materiais leves e respiráveis, ele possui uma aba larga para fornecer sombra e proteção do sol. O design versátil o torna adequado para várias atividades na praia ou simplesmente descansando à beira da piscina.","এই আড়ম্বরপূর্ণ সৈকত টুপিটি জলের দ্বারা রৌদ্রোজ্জ্বল দিনগুলির জন্য অবশ্যই একটি আনুষাঙ্গিক। লাইটওয়েট এবং শ্বাস প্রশ্বাসের উপকরণ থেকে তৈরি, এটি সূর্য থেকে ছায়া এবং সুরক্ষা সরবরাহ করার জন্য একটি প্রশস্ত কান্ড বৈশিষ্ট্যযুক্ত। বহুমুখী নকশা এটিকে বিভিন্ন সৈকত ক্রিয়াকলাপের জন্য উপযুক্ত করে তোলে বা কেবল পুলের সাহায্যে দীর্ঘায়িত হয়।","यह स्टाइलिश समुद्र तट टोपी पानी द्वारा धूप के दिनों के लिए एक गौण है। हल्के और सांस लेने वाली सामग्रियों से निर्मित, यह सूर्य से छाया और सुरक्षा प्रदान करने के लिए एक विस्तृत ब्रिम की सुविधा देता है। बहुमुखी डिजाइन इसे विभिन्न समुद्र तट गतिविधियों या बस पूल द्वारा लाउंजिंग के लिए उपयुक्त बनाता है।","Ce chapeau de plage élégant est un accessoire incontournable pour les jours ensoleillés au bord de l'eau. Fabriqué à partir de matériaux légers et respirants, il dispose d'un large bord pour fournir de l'ombre et une protection contre le soleil. Le design polyvalent le rend adapté à diverses activités de plage ou simplement se prélasser près de la piscine.",このスタイリッシュなビーチハットは、水による晴れた日には必須のアクセサリーです。軽量で通気性のある素材で作られており、太陽からの日陰と保護を提供するための広いつばを特徴としています。汎用性の高いデザインにより、さまざまなビーチアクティビティやプールでのラウンティングに適しています。,이 세련된 해변 모자는 물에 의해 맑은 날에 필수 액세서리입니다. 가볍고 통기성이 뛰어난 재료로 제작 된이 제품은 넓은 챙이있어 태양으로부터 음영과 보호를 제공합니다. 다재다능한 디자인은 다양한 해변 활동에 적합하거나 수영장에서 단순히 어울리는 데 적합합니다.,هذه القبعة الشاطئية الأنيقة هي ملحق لا بد منه للأيام المشمسة بالمياه. مصنوع من مواد خفيفة الوزن والتنفس ، فهي تتميز بحافة واسعة لتوفير الظل والحماية من الشمس. التصميم متعدد الاستخدامات يجعله مناسبًا للأنشطة الشاطئية المختلفة أو ببساطة التسكع بجوار حمام السباحة.
Clothes.BlackHoodie,Black hoodie,Schwarzer Kapuzenpullover,Capucha negra,Hoodie preto,ব্ল্যাক হুডি,एक प्रकार का,Sweat à capuche noir,黒いパーカー,검은 까마귀,جارزة سوداء بقبعة شتوية
Clothes.BlackHoodieDesk,"This classic black hoodie is a wardrobe staple that offers both comfort and style. Made from soft and cozy fabric, it features a hood, front pocket, and ribbed cuffs and hem. Perfect for casual outings or lounging at home, it can be paired with jeans or leggings for a relaxed yet fashionable look.","Dieser klassische schwarze Hoodie ist ein Kleiderschrank -Grundnahrungsmittel, der sowohl Komfort als auch Stil bietet. Es besteht aus weichem und gemütlichem Stoff und verfügt über eine Kapuze, eine vordere Tasche und gerippte Manschetten und einen Saum. Perfekt für ungezwungene Ausflüge oder Faulenzen zu Hause und kann mit Jeans oder Leggings für einen entspannten, aber modischen Look kombiniert werden.","Esta clásica sudadera con capucha negra es un elemento básico de vestuario que ofrece comodidad y estilo. Hecho de tela suave y acogedora, presenta una capucha, bolsillo delantero y puños acanalados y dobladillo. Perfecto para salidas informales o descansar en casa, se puede combinar con jeans o leggings para un aspecto relajado pero de moda.","Este capuz preto clássico é um grampo de guarda -roupa que oferece conforto e estilo. Feito de tecido macio e aconchegante, possui um capô, bolso dianteiro e punhos com nervuras e bainha. Perfeito para passeios casuais ou relaxar em casa, ele pode ser combinado com jeans ou leggings para uma aparência descontraída e elegante.","এই ক্লাসিক ব্ল্যাক হুডি একটি ওয়ারড্রোব প্রধান যা আরাম এবং শৈলী উভয়ই সরবরাহ করে। নরম এবং আরামদায়ক ফ্যাব্রিক থেকে তৈরি, এটিতে একটি হুড, সামনের পকেট এবং পাঁজরযুক্ত কাফ এবং হেম রয়েছে। নৈমিত্তিক আউটিং বা বাড়িতে লাউংিংয়ের জন্য উপযুক্ত, এটি একটি স্বাচ্ছন্দ্যময় তবে ফ্যাশনেবল চেহারার জন্য জিন্স বা লেগিংসের সাথে জুড়ি দেওয়া যেতে পারে।","यह क्लासिक ब्लैक हूडि एक अलमारी स्टेपल है जो आराम और शैली दोनों प्रदान करता है। नरम और आरामदायक कपड़े से निर्मित, इसमें एक हुड, फ्रंट पॉकेट और रिब्ड कफ और हेम शामिल हैं। कैज़ुअल आउटिंग या घर पर लाउंज के लिए बिल्कुल सही, इसे जींस या लेगिंग के साथ एक आरामदायक अभी तक फैशनेबल लुक के लिए जोड़ा जा सकता है।","Ce sweat à capuche noir classique est un incontournable de la garde-robe qui offre à la fois le confort et le style. Fabriqué en tissu doux et confortable, il dispose d'une capuche, d'une poche avant et de poignets côtelés et d'ourlet. Parfait pour les sorties décontractées ou se prélasser à la maison, il peut être associé à un jean ou à des leggings pour un look détendu mais à la mode.",このクラシックなブラックパーカーは、快適さとスタイルの両方を提供するワードローブの定番です。柔らかくて居心地の良い生地で作られており、フード、フロントポケット、リブ付きの袖口と裾があります。カジュアルな外出や自宅でのくつろいに最適な、ジーンズやレギンスと組み合わせて、リラックスしていたがファッショナブルな外観にすることができます。,"이 클래식 블랙 까마귀는 안락함과 스타일을 모두 제공하는 옷장 필수품입니다. 부드럽고 아늑한 직물로 만든이 제품에는 후드, 앞 주머니 및 리브 커프와 밑단이 있습니다. 캐주얼 소풍이나 집에서 어울리는 데 적합하며 편안하지만 세련된 외관을 위해 청바지 나 레깅스와 짝을 이룰 수 있습니다.",هذا هوديي الأسود الكلاسيكي هو عنصر أساسي في خزانة الملابس التي توفر الراحة والأناقة. مصنوع من نسيج ناعم ودافئ ، ويتميز بغطاء محرك وجيب أمامي وأصفاد مضلعة وتنحنح. مثالي للنزهات غير الرسمية أو التسكع في المنزل ، يمكن إقرانها مع الجينز أو اللباس الداخلي لإلقاء نظرة مريحة ولكنها عصرية.
Clothes.BlackKeds,Black keds,Schwarze Keds,Keds negros,Keds pretos,কালো কেডস,ब्लैक केड्स,Keds noirs,黒いケッド,블랙 케드,keds السود
Clothes.BlackKedsDesk,"These black keds are a classic and versatile choice for everyday wear. Made from durable canvas, they feature a comfortable fit, rubber sole, and simple design. Perfect for running errands or casual outings, they can be paired with jeans, shorts, or dresses for a stylish and effortless look.","Diese schwarzen KEDs sind eine klassische und vielseitige Wahl für den Alltag. Sie werden aus dauerhaften Leinwand hergestellt und verfügen über eine bequeme Passform, eine Gummi -Sohle und ein einfaches Design. Perfekt für Besorgungen oder ungezwungene Ausflüge können mit Jeans, Shorts oder Kleidern für einen stilvollen und mühelosen Look kombiniert werden.","Estos Keds negros son una opción clásica y versátil para el uso diario. Hechos de lienzos duraderos, cuentan con un ajuste cómodo, suela de goma y diseño simple. Perfecto para hacer mandados o salidas casuales, se pueden combinar con jeans, pantalones cortos o vestidos para un aspecto elegante y sin esfuerzo.","Esses Keds pretos são uma escolha clássica e versátil para o uso diário. Feito de tela durável, eles apresentam um ajuste confortável, sola de borracha e design simples. Perfeito para fazer recados ou passeios casuais, eles podem ser combinados com jeans, shorts ou vestidos para uma aparência elegante e sem esforço.","এই কালো কেডগুলি প্রতিদিনের পরিধানের জন্য একটি ক্লাসিক এবং বহুমুখী পছন্দ। টেকসই ক্যানভাস থেকে তৈরি, এগুলিতে একটি আরামদায়ক ফিট, রাবার একক এবং সাধারণ নকশা বৈশিষ্ট্যযুক্ত। কাজগুলি বা নৈমিত্তিক আউটগুলি চালানোর জন্য উপযুক্ত, তারা স্টাইলিশ এবং অনায়াস চেহারার জন্য জিন্স, শর্টস বা পোশাকের সাথে জুড়ি দেওয়া যেতে পারে।","ये ब्लैक केड्स रोजमर्रा के पहनने के लिए एक क्लासिक और बहुमुखी विकल्प हैं। टिकाऊ कैनवास से निर्मित, वे एक आरामदायक फिट, रबर एकमात्र और सरल डिजाइन की सुविधा देते हैं। कामों या आकस्मिक आउटिंग चलाने के लिए बिल्कुल सही, उन्हें जींस, शॉर्ट्स, या एक स्टाइलिश और सहज रूप के लिए कपड़े के साथ जोड़ा जा सकता है।","Ces Keds noirs sont un choix classique et polyvalent pour l'usure quotidienne. Fabriqués à partir de toile durable, ils comportent un ajustement confortable, une semelle en caoutchouc et une conception simple. Parfait pour faire des courses ou des sorties décontractées, ils peuvent être associés à un jean, un short ou des robes pour un look élégant et sans effort.",これらの黒いケッドは、日常の摩耗のための古典的で多目的な選択です。耐久性のあるキャンバスで作られているため、快適なフィット感、ゴム製のソール、シンプルなデザインが備わっています。用事やカジュアルな外出に最適なもので、ジーンズ、ショートパンツ、またはドレスと組み合わせて、スタイリッシュで楽な外観にすることができます。,"이 블랙 케드는 일상적인 마모를위한 고전적이고 다재다능한 선택입니다. 내구성이 뛰어난 캔버스로 제작 된 편안한 착용감, 고무 밑창 및 간단한 디자인이 특징입니다. 심부름이나 캐주얼 외출에 적합하며, 청바지, 반바지 또는 드레스와 짝을 이루어 세련되고 쉽게 보입니다.",هذه keds السوداء هي خيار كلاسيكي ومتعدد الاستخدامات للارتداء اليومي. مصنوعة من قماش متين ، فهي تتميز بتصميم مريح ونعل مطاطي وتصميم بسيط. مثالي لتشغيل المهمات أو النزهات غير الرسمية ، يمكن إقرانها مع الجينز أو السراويل القصيرة أو الفساتين لإلقاء نظرة أنيقة وبدون جهد.
Clothes.BlackT,Black T-shirt,Schwarzes T-Shirt,Camiseta negra,Camiseta preta,কালো টি-শার্ট,काली टी - शर्ट,T-shirt noir,黒いTシャツ,검은 색 티셔츠,قميص أسود
Clothes.BlackTDesk,"This black T-shirt is a wardrobe essential that can be dressed up or down. Made from soft and breathable fabric, it features a classic crew neck and short sleeves. The versatile black color makes it easy to pair with jeans, skirts, or shorts for a casual yet stylish look.","Dieses schwarze T-Shirt ist ein wesentlicher Kleiderschrank, das auf oder ab gekleidet werden kann. Es besteht aus weichem und atmungsaktivem Stoff und verfügt über einen klassischen Crew -Hals und kurze Ärmel. Die vielseitige schwarze Farbe macht es einfach, mit Jeans, Röcken oder Shorts zu kombinieren, um einen ungezwungenen, aber stilvollen Look zu erzielen.","Esta camiseta negra es un armario esencial que se puede vestir hacia arriba o hacia abajo. Hecho de tela suave y transpirable, presenta un clásico cuello de la tripulación y mangas cortas. El color negro versátil hace que sea fácil combinar con jeans, faldas o pantalones cortos para un aspecto informal pero elegante.","Esta camiseta preta é um guarda-roupa essencial que pode ser vestido para cima ou para baixo. Feito de tecido macio e respirável, possui um pescoço de tripulação clássico e mangas curtas. A versátil cor preta facilita o emparelhamento com jeans, saias ou shorts para uma aparência casual e elegante.","এই কালো টি-শার্টটি একটি ওয়ারড্রোব অপরিহার্য যা পোশাক পরে বা নীচে হতে পারে। নরম এবং শ্বাস প্রশ্বাসের ফ্যাব্রিক থেকে তৈরি এটিতে একটি ক্লাসিক ক্রু ঘাড় এবং শর্ট হাতা রয়েছে। বহুমুখী কালো রঙ জিন্স, স্কার্ট বা শর্টসগুলির সাথে একটি নৈমিত্তিক তবুও আড়ম্বরপূর্ণ চেহারার জন্য জুড়ি দেওয়া সহজ করে তোলে।","यह काली टी-शर्ट एक अलमारी आवश्यक है जिसे ऊपर या नीचे तैयार किया जा सकता है। नरम और सांस के कपड़े से निर्मित, इसमें एक क्लासिक क्रू गर्दन और छोटी आस्तीन है। बहुमुखी काला रंग एक आकस्मिक अभी तक स्टाइलिश लुक के लिए जींस, स्कर्ट या शॉर्ट्स के साथ जोड़ी बनाना आसान बनाता है।","Ce t-shirt noir est une armoire essentielle qui peut être habillée ou vers le bas. Fabriqué à partir de tissu doux et respirant, il dispose d'un cou d'équipage classique et de manches courtes. La couleur noire polyvalente facilite l'associer avec des jeans, des jupes ou des shorts pour un look décontracté mais élégant.",この黒いTシャツは、上下にドレスアップできるワードローブの必須です。柔らかく通気性のある生地で作られており、クラシックな乗組員の首と半袖が特徴です。汎用性の高い黒い色により、ジーンズ、スカート、またはショートパンツと簡単に組み合わせて、カジュアルでありながらスタイリッシュな外観になります。,"이 검은 티셔츠는 옷을 입거나 아래로 옷을 입을 수있는 옷장입니다. 부드럽고 통기성이 뛰어난 천으로 만들어진이 제품은 클래식 승무원 목과 짧은 슬리브를 특징으로합니다. 다재다능한 검은 색은 청바지, 스커트 또는 반바지와 쉽게 짝을 이루어 캐주얼하면서도 세련된 외관을 쉽게 사용할 수 있습니다.",هذا القميص الأسود هو خزانة ملابس أساسية يمكن ارتداؤها لأعلى أو لأسفل. مصنوع من نسيج ناعم ومتنفس ، ويتميز برقبة طاقم كلاسيكية وأكمام قصيرة. يجعل اللون الأسود متعدد الاستخدامات من السهل إقران الجينز أو التنانير أو السراويل القصيرة لإلقاء نظرة غير رسمية وأنيقة.
Clothes.BlueH,Blue hoodie,Blauer Hoodie,Sudadera con capucha azul,Hoodie azul,নীল হুডি,नीली हूडि,Sweat à capuche bleu,青いパーカー,블루 까마귀,هوديي الأزرق
Clothes.BlueHDesk,"This cool blue hoodie is perfect for adding a pop of color to your casual outfits. Made from soft and breathable fabric, it features a hood, front pocket, and ribbed cuffs and hem. Whether you're going for a run or running errands, this hoodie will keep you comfortable and stylish.","Dieser coole blaue Hoodie ist perfekt, um Ihren lässigen Outfits einen Farbtupfer zu verleihen. Es besteht aus weichem und atmungsaktivem Stoff und verfügt über eine Kapuze, eine vordere Tasche und gerippte Manschetten und einen Saum. Egal, ob Sie einen Lauf gehen oder Besorgungen machen, dieser Hoodie wird Sie bequem und stilvoll halten.","Esta capucha azul genial es perfecta para agregar un toque de color a sus atuendos informales. Hecho de tela suave y transpirable, presenta una capucha, bolsillo delantero y puños acanalados y dobladillo. Ya sea que vaya a correr o ejecutar recados, esta sudadera con capucha lo mantendrá cómodo y elegante.","Este capuz azul legal é perfeito para adicionar um toque de cor às suas roupas casuais. Feito de tecido macio e respirável, possui um capô, bolso dianteiro e punhos com nervuras e bainha. Esteja você correndo ou executando recados, este moletom o manterá confortável e elegante.","এই শীতল নীল হুডি আপনার নৈমিত্তিক পোশাকে রঙের একটি পপ যুক্ত করার জন্য উপযুক্ত। নরম এবং শ্বাস প্রশ্বাসের ফ্যাব্রিক থেকে তৈরি, এটিতে একটি হুড, সামনের পকেট এবং পাঁজরযুক্ত কাফ এবং হেম রয়েছে। আপনি কোনও রান করতে যাচ্ছেন বা কাজ চালাচ্ছেন না কেন, এই হুডি আপনাকে আরামদায়ক এবং আড়ম্বরপূর্ণ রাখবে।","यह शांत नीला हुडी आपके आकस्मिक संगठनों में रंग का एक पॉप जोड़ने के लिए एकदम सही है। नरम और सांस के कपड़े से निर्मित, इसमें एक हुड, फ्रंट पॉकेट और रिब्ड कफ और हेम की सुविधा है। चाहे आप एक रन के लिए जा रहे हों या काम कर रहे हों, यह हुडी आपको आरामदायक और स्टाइलिश रखेगा।","Ce sweat à capuche bleu frais est parfait pour ajouter une touche de couleur à vos tenues décontractées. Fabriqué à partir de tissu doux et respirant, il dispose d'une capuche, d'une poche avant et de poignets côtelés et d'ourlet. Que vous alliez courir ou faire des courses, ce sweat à capuche vous gardera à l'aise et élégant.",このクールな青いパーカーは、カジュアルな服装にポップな色を追加するのに最適です。柔らかく通気性のある生地で作られており、フード、フロントポケット、リブ付きの袖口と裾が特徴です。あなたが走りに行くかどうかにかかわらず、このパーカーはあなたを快適でスタイリッシュに保ちます。,"이 멋진 파란색 까마귀는 캐주얼 의상에 팝 컬러를 추가하는 데 적합합니다. 부드럽고 통기성이 뛰어난 천으로 만들어진이 제품에는 후드, 앞 주머니 및 리브 커프와 밑단이 특징입니다. 달리기를하든 심부름을하든이 까마귀는 편안하고 세련되게 유지할 수 있습니다.",هذا هوديي الأزرق الرائع مثالي لإضافة موسيقى البوب ​​إلى ملابسك غير الرسمية. مصنوع من نسيج ناعم وذات تنفس ، ويتميز بغطاء ، وجيب أمامي ، وأصفاد مضلعة وتنحنح. سواء كنت تسير في المدى أو تشغيل المهمات ، فإن هذا هوديي سيبقيك مريحًا وأنيقًا.
Clothes.BJ,Blue jeans,Blaue Jeans,Jeans azules,Jeans azul,নীল জিন্স,नीले रंग की जींस,Blue Jeans,ブルージーンズ,청바지,جينز أزرق
Clothes.BJDesk,"These classic blue jeans are a timeless and versatile wardrobe staple. Made from high-quality denim, they feature a flattering fit, straight leg, and classic five-pocket design. Whether you're going for a casual or dressed-up look, these jeans will effortlessly elevate your style.","Diese klassischen blauen Jeans sind zeitlose und vielseitige Kleiderschrank -Grundnahrungsmittel. Sie wurden aus hochwertigem Jeans hergestellt und verfügen über eine schmeichelhafte Passform, ein gerades Bein und ein klassisches Fünf-Taste-Design. Egal, ob Sie einen lässigen oder verkleideten Look haben, diese Jeans werden Ihren Stil mühelos erhöhen.","Estos jeans azules clásicos son un elemento básico de vestuario atemporal y versátil. Hecho de mezclilla de alta calidad, cuentan con un diseño halagador, pierna recta y diseño clásico de cinco bolsillos. Ya sea que vaya a buscar un look informal o vestido, estos jeans elevarán sin esfuerzo su estilo.","Esses jeans azuis clássicos são um grampo de guarda -roupa atemporal e versátil. Feito de jeans de alta qualidade, eles apresentam um ajuste lisonjeiro, perna reta e design clássico de cinco bolsos. Se você está buscando um visual casual ou vestido, esses jeans elevarão sem esforço seu estilo.","এই ক্লাসিক নীল জিন্স একটি কালজয়ী এবং বহুমুখী ওয়ারড্রোব প্রধান। উচ্চমানের ডেনিম থেকে তৈরি, এগুলিতে একটি চাটুকার ফিট, সোজা পা এবং ক্লাসিক পাঁচ-পকেট নকশা বৈশিষ্ট্যযুক্ত। আপনি কোনও নৈমিত্তিক বা পোশাক পরা চেহারার জন্য যাচ্ছেন না কেন, এই জিন্স অনায়াসে আপনার স্টাইলকে উন্নত করবে।","ये क्लासिक ब्लू जीन्स एक कालातीत और बहुमुखी अलमारी स्टेपल हैं। उच्च गुणवत्ता वाले डेनिम से निर्मित, वे एक चापलूसी फिट, सीधे पैर और क्लासिक पांच-पॉकेट डिजाइन की सुविधा देते हैं। चाहे आप एक आकस्मिक या कपड़े पहने हुए लुक के लिए जा रहे हों, ये जीन्स आसानी से आपकी शैली को बढ़ाएंगे।","Ces jeans bleus classiques sont un incontournable de la garde-robe intemporelle et polyvalente. Fabriqués en denim de haute qualité, ils présentent une conception flatteuse, une jambe droite et un design classique à cinq poches. Que vous alliez pour un look décontracté ou habillé, ces jeans élèveront sans effort votre style.",これらのクラシックなブルージーンズは、時代を超越した多用途のワードローブの定番です。高品質のデニムから作られた、彼らはお世辞のフィット感、まっすぐな脚、クラシックな5ポケットのデザインを特徴としています。あなたがカジュアルな外観であろうとドレスアップしているかどうかにかかわらず、これらのジーンズはあなたのスタイルを楽に高めます。,"이 고전적인 청바지는 시대를 초월하고 다재다능한 옷장 필수품입니다. 고품질 데님으로 제작 된 이들은 아첨하는 착용감, 직선 다리 및 클래식 5 포켓 디자인을 특징으로합니다. 캐주얼이든 옷을 입은 모습을 원하든,이 청바지는 스타일을 쉽게 향상시킬 것입니다.",هذه الجينز الأزرق الكلاسيكي هي خزانة خزانة خالدة ومتعددة الاستخدامات. مصنوعة من الدنيم عالي الجودة ، فهي تتميز بملاءمة ملائمة وساق مستقيمة وتصميم كلاسيكي من خمسة جيب. سواء كنت ستذهب لإلقاء نظرة غير رسمية أو ملابسة ، فإن هذه الجينز سترفع بأسلوبك دون عناء.
Clothes.BlueT,Blue T-shirt,Blaues T-Shirt,Camiseta azul,Camiseta azul,নীল টি-শার্ট,नीले रंग की टी - शर्ट,T-shirt bleu,青いTシャツ,파란색 티셔츠,قميص ازرق
Clothes.BlueTDesk,"This cool blue T-shirt is perfect for adding a pop of color to your casual outfits. Made from soft and comfortable fabric, it features a classic crew neck and short sleeves. Whether you're running errands or hanging out with friends, this T-shirt will keep you comfortable and stylish.","Dieses coole blaue T-Shirt eignet sich perfekt, um Ihren ungezwungenen Outfits einen Farbtupfer zu verleihen. Es besteht aus weichem und bequemem Stoff und verfügt über einen klassischen Crew -Hals und kurze Ärmel. Egal, ob Sie Besorgungen machen oder mit Freunden abhängen, dieses T-Shirt hält Sie bequem und stilvoll.","Esta camiseta azul fresca es perfecta para agregar un toque de color a sus atuendos informales. Hecho de tela suave y cómoda, cuenta con un clásico cuello de la tripulación y mangas cortas. Ya sea que esté haciendo recados o saliendo con amigos, esta camiseta lo mantendrá cómodo y elegante.","Esta camiseta azul legal é perfeita para adicionar um toque de cor às suas roupas casuais. Feito de tecido macio e confortável, possui um pescoço de tripulação clássico e mangas curtas. Esteja você fazendo recados ou saindo com os amigos, esta camiseta o manterá confortável e elegante.","এই শীতল নীল টি-শার্টটি আপনার নৈমিত্তিক পোশাকে রঙের একটি পপ যুক্ত করার জন্য উপযুক্ত। নরম এবং আরামদায়ক ফ্যাব্রিক থেকে তৈরি, এটিতে একটি ক্লাসিক ক্রু ঘাড় এবং শর্ট হাতা রয়েছে। আপনি কাজগুলি চালাচ্ছেন বা বন্ধুদের সাথে ঝুলিয়ে রাখছেন না কেন, এই টি-শার্টটি আপনাকে আরামদায়ক এবং আড়ম্বরপূর্ণ রাখবে।","यह शांत नीली टी-शर्ट आपके आकस्मिक संगठनों में रंग का एक पॉप जोड़ने के लिए एकदम सही है। नरम और आरामदायक कपड़े से निर्मित, इसमें एक क्लासिक क्रू गर्दन और छोटी आस्तीन है। चाहे आप काम कर रहे हों या दोस्तों के साथ घूम रहे हों, यह टी-शर्ट आपको आरामदायक और स्टाइलिश रखेगी।","Ce t-shirt bleu cool est parfait pour ajouter une touche de couleur à vos tenues décontractées. Fabriqué en tissu doux et confortable, il dispose d'un cou d'équipage classique et de manches courtes. Que vous fassiez des courses ou que vous passiez du temps avec des amis, ce t-shirt vous maintiendra confortable et élégant.",このクールな青いTシャツは、カジュアルな衣装にポップな色を追加するのに最適です。柔らかく快適な生地で作られており、クラシックな乗組員の首と半袖が特徴です。あなたが用事をしているか、友人とぶらぶらしているかにかかわらず、このTシャツはあなたを快適でスタイリッシュに保ちます。,이 멋진 파란색 티셔츠는 캐주얼 의상에 팝 컬러를 추가하는 데 적합합니다. 부드럽고 편안한 직물로 제작 된이 제품은 클래식 승무원 목과 짧은 슬리브를 특징으로합니다. 심부름을하거나 친구들과 어울리 든이 티셔츠는 편안하고 세련되게 유지됩니다.,هذا القميص الأزرق الرائع مثالي لإضافة موسيقى البوب ​​إلى ملابسك غير الرسمية. مصنوع من نسيج ناعم ومريح ، ويتميز بعنق طاقم كلاسيكي وأكمام قصيرة. سواء كنت تقوم بتشغيل المهمات أو التسكع مع الأصدقاء ، فإن هذا القميص سيبقيك مريحًا وأنيقًا.
Clothes.BS,Brown slippers,Braune Hausschuhe,Zapatillas marrones,Chinelos marrons,বাদামী চপ্পল,भूरा चप्पल,Slippers brunes,茶色のスリッパ,갈색 슬리퍼,النعال البنية
Clothes.BSDesk,"These cozy brown slippers are perfect for lounging around the house in comfort and style. Made from soft and plush materials, they feature a slip-on design and non-slip sole. The warm brown color adds a touch of luxury to your downtime.","Diese gemütlichen braunen Hausschuhe eignen sich perfekt, um im Haus komfortabel und stilvoll im Haus zu faulenzen. Sie werden aus weichen und plüschigen Materialien hergestellt und verfügen über ein Slip-on-Design und eine rutschfeste Sohle. Die warme braune Farbe verleiht Ihrer Ausfallzeit einen Hauch von Luxus.","Estas acogedoras zapatillas marrones son perfectas para descansar alrededor de la casa con comodidad y estilo. Hecho de materiales suaves y lujosos, cuentan con un diseño deslizante y una suela sin deslizamiento. El color marrón cálido agrega un toque de lujo a su tiempo de inactividad.","Esses chinelos marrons aconchegantes são perfeitos para descansar pela casa em conforto e estilo. Feito de materiais macios e macios, eles apresentam um design de deslizamento e sola não deslizante. A cor marrom quente adiciona um toque de luxo ao seu tempo de inatividade.","এই আরামদায়ক বাদামী চপ্পলগুলি আরাম এবং শৈলীতে বাড়ির চারপাশে লম্বা করার জন্য উপযুক্ত। নরম এবং প্লুশ উপকরণ থেকে তৈরি, এগুলিতে একটি স্লিপ-অন ডিজাইন এবং নন-স্লিপ একক বৈশিষ্ট্যযুক্ত। উষ্ণ বাদামী রঙটি আপনার ডাউনটাইমে বিলাসিতার স্পর্শ যুক্ত করে।","ये आरामदायक भूरे चप्पल आराम और शैली में घर के चारों ओर घूमने के लिए एकदम सही हैं। नरम और आलीशान सामग्री से निर्मित, वे एक स्लिप-ऑन डिज़ाइन और गैर-पर्ची एकमात्र की सुविधा देते हैं। गर्म भूरे रंग आपके डाउनटाइम में लक्जरी का एक स्पर्श जोड़ता है।","Ces pantoufles brunes confortables sont parfaites pour se prélasser dans la maison dans le confort et le style. Fabriqués à partir de matériaux mous et moelleux, ils comportent une conception à enfiler et une semelle non glissante. La couleur brune chaude ajoute une touche de luxe à votre temps d'arrêt.",これらの居心地の良い茶色のスリッパは、快適さとスタイルで家の周りをくつろぐのに最適です。柔らかくて豪華な素材で作られており、スリップオンデザインと滑り止めのソールが備わっています。温かい茶色の色は、ダウンタイムに贅沢を追加します。,이 아늑한 갈색 슬리퍼는 안락함과 스타일로 집 주변을 어울리는 데 적합합니다. 부드러운 플러시 재료로 제작 된 이들은 슬립 온 디자인과 비 슬립 밑창이 특징입니다. 따뜻한 갈색은 가동 중지 시간에 고급 스러움을 더합니다.,هذه النعال البنية المريحة مثالية للتسكع في جميع أنحاء المنزل في الراحة والأناقة. مصنوعة من مواد ناعمة وفخمة ، فهي تتميز بتصميم قاطع ونعل غير قاطع. يضيف اللون البني الدافئ لمسة من الرفاهية إلى توقفك.
Clothes.BSho,Brown shoes,braune Schuhe,zapatos marrones,sapatos marrons,বাদামী জুতা,भूरे रंग के जूते,des chaussures marrons,茶色の靴,갈색 신발,حذاء بني
Clothes.BShoDesk,"These brown shoes are a versatile footwear choice that can be dressed up or down. Made from high-quality leather, they feature a classic design, comfortable fit, and durable sole. Whether you're going to the office or a social event, these shoes will add a touch of sophistication to your outfit.","Diese braunen Schuhe sind eine vielseitige Wahl für Schuhe, die hoch oder runter gekleidet werden kann. Sie werden aus hochwertigem Leder hergestellt und verfügen über ein klassisches Design, eine komfortable Passform und eine langlebige Sohle. Egal, ob Sie ins Büro oder in ein soziales Ereignis gehen, diese Schuhe verleihen Ihrem Outfit einen Hauch von Raffinesse.","Estos zapatos marrones son una opción de calzado versátil que se puede vestir hacia arriba o hacia abajo. Hechos de cuero de alta calidad, cuentan con un diseño clásico, ajuste cómodo y suela duradera. Ya sea que vaya a la oficina o a un evento social, estos zapatos agregarán un toque de sofisticación a su atuendo.","Esses sapatos marrons são uma escolha versátil de calçados que pode ser vestida para cima ou para baixo. Feito de couro de alta qualidade, eles apresentam um design clássico, ajuste confortável e sola durável. Esteja você indo ao escritório ou a um evento social, esses sapatos adicionarão um toque de sofisticação à sua roupa.","এই বাদামী জুতাগুলি একটি বহুমুখী পাদুকা পছন্দ যা উপরে বা নীচে পোশাক পরা যেতে পারে। উচ্চমানের চামড়া থেকে তৈরি, এগুলিতে একটি ক্লাসিক ডিজাইন, আরামদায়ক ফিট এবং টেকসই একক বৈশিষ্ট্য রয়েছে। আপনি অফিসে যাচ্ছেন বা কোনও সামাজিক ইভেন্টে, এই জুতাগুলি আপনার পোশাকে পরিশীলনের স্পর্শ যুক্ত করবে।","ये भूरे रंग के जूते एक बहुमुखी फुटवियर पसंद हैं जिन्हें ऊपर या नीचे तैयार किया जा सकता है। उच्च गुणवत्ता वाले चमड़े से निर्मित, वे एक क्लासिक डिजाइन, आरामदायक फिट और टिकाऊ एकमात्र हैं। चाहे आप कार्यालय में जा रहे हों या एक सामाजिक घटना, ये जूते आपके संगठन में परिष्कार का एक स्पर्श जोड़ देंगे।","Ces chaussures brunes sont un choix de chaussures polyvalent qui peut être habillé ou bas. En cuir de haute qualité, ils présentent un design classique, un ajustement confortable et une semelle durable. Que vous alliez au bureau ou un événement social, ces chaussures ajouteront une touche de sophistication à votre tenue.",これらの茶色の靴は、上下にドレスアップできる多才な履物の選択です。高品質の革で作られた、クラシックなデザイン、快適なフィット感、耐久性のあるソールが特徴です。あなたがオフィスに行くかソーシャルイベントに行くかにかかわらず、これらの靴はあなたの衣装に洗練されたタッチを追加します。,"이 갈색 신발은 다재다능한 신발 선택으로 옷을 입거나 아래로 옷을 입을 수 있습니다. 고품질 가죽으로 제작 된 클래식 디자인, 편안한 착용감 및 내구성있는 밑창이 있습니다. 사무실에 가든 사교 행사에 관계 없이이 신발은 의상에 정교함을 더합니다.",هذه الأحذية البنية هي اختيار للأحذية متعددة الاستخدامات يمكن أن يرتدي ملابس لأعلى أو لأسفل. مصنوعة من الجلد عالي الجودة ، فهي تتميز بتصميم كلاسيكي ، وملاءمة مريحة ، ونعل متين. سواء كنت ذاهبًا إلى المكتب أو حدث اجتماعي ، ستضيف هذه الأحذية لمسة من التطور إلى ملابسك.
Clothes.BSne,Brown sneakers,Braune Turnschuhe,Zapatillas marrones,Tênis marrons,ব্রাউন স্নিকার্স,भूरे रंग के स्नीकर्स,Baskets brunes,茶色のスニーカー,브라운 운동화,أحذية رياضية بنية
Clothes.BSneDesk,"These stylish brown sneakers are a great choice for adding a touch of sophistication to your casual outfits. Made from high-quality materials, they feature a comfortable fit, durable sole, and trendy design. The brown color adds warmth and versatility, making them suitable for various occasions.","Diese stilvollen braunen Turnschuhe sind eine gute Wahl, um Ihren ungezwungenen Outfits einen Hauch von Raffinesse zu verleihen. Sie werden aus hochwertigen Materialien hergestellt und verfügen über eine komfortable Passform, eine langlebige Sohle und ein trendiges Design. Die braune Farbe sorgt für Wärme und Vielseitigkeit und macht sie für verschiedene Anlässe geeignet.","Estas elegantes zapatillas marrones son una gran opción para agregar un toque de sofisticación a sus atuendos casuales. Hechos de materiales de alta calidad, cuentan con un diseño cómodo, suela duradera y moderna. El color marrón agrega calidez y versatilidad, lo que los hace adecuados para varias ocasiones.","Esses elegantes tênis marrons são uma ótima opção para adicionar um toque de sofisticação às suas roupas casuais. Feito de materiais de alta qualidade, eles apresentam um ajuste confortável, sola durável e design da moda. A cor marrom acrescenta calor e versatilidade, tornando -as adequadas para várias ocasiões.","এই আড়ম্বরপূর্ণ বাদামী স্নিকারগুলি আপনার নৈমিত্তিক পোশাকে পরিশীলনের স্পর্শ যুক্ত করার জন্য দুর্দান্ত পছন্দ। উচ্চমানের উপকরণ থেকে তৈরি, এগুলিতে একটি আরামদায়ক ফিট, টেকসই একমাত্র এবং ট্রেন্ডি ডিজাইন বৈশিষ্ট্যযুক্ত। বাদামী রঙ উষ্ণতা এবং বহুমুখিতা যুক্ত করে, এগুলি বিভিন্ন অনুষ্ঠানের জন্য উপযুক্ত করে তোলে।","ये स्टाइलिश ब्राउन स्नीकर्स आपके आकस्मिक संगठनों में परिष्कार का एक स्पर्श जोड़ने के लिए एक बढ़िया विकल्प हैं। उच्च गुणवत्ता वाली सामग्रियों से निर्मित, वे एक आरामदायक फिट, टिकाऊ एकमात्र और फैशनेबल डिजाइन की सुविधा देते हैं। भूरे रंग की गर्मी और बहुमुखी प्रतिभा जोड़ती है, जो उन्हें विभिन्न अवसरों के लिए उपयुक्त बनाती है।","Ces baskets marron élégantes sont un excellent choix pour ajouter une touche de sophistication à vos tenues décontractées. Fabriqués à partir de matériaux de haute qualité, ils présentent un ajustement confortable, une semelle durable et une conception à la mode. La couleur brune ajoute de la chaleur et de la polyvalence, ce qui les rend adaptées à diverses occasions.",これらのスタイリッシュな茶色のスニーカーは、カジュアルな衣装に洗練されたタッチを追加するのに最適です。高品質の素材で作られているため、快適なフィット感、耐久性のあるソール、トレンディなデザインが特徴です。茶色の色は暖かさと汎用性を追加し、さまざまな機会に適しています。,"이 세련된 브라운 스니커즈는 캐주얼 의상에 정교함을 더할 수있는 훌륭한 선택입니다. 고품질 재료로 제작 된 편안한 착용감, 내구성있는 밑창 및 트렌디 한 디자인이 특징입니다. 갈색은 따뜻함과 다양성을 추가하여 다양한 경우에 적합합니다.",هذه الأحذية الرياضية البنية الأنيقة هي خيار رائع لإضافة لمسة من التطور إلى ملابسك غير الرسمية. مصنوعة من مواد عالية الجودة ، فهي تتميز بتصميم مريح ونعل متين وعصري. يضيف اللون البني الدفء والتنوع ، مما يجعلها مناسبة لمختلف المناسبات.
Clothes.CB,Chain belt,Kettengürtel,Cinturón de cadena,Correia em corrente,চেইন বেল্ট,चेन बेल्ट,Courroie de chaîne,チェーンベルト,체인 벨트,حزام سلسلة
Clothes.CBDesk,"This chic chain belt is a must-have accessory for adding a touch of edginess to any outfit. Made from high-quality metal, it features a stylish chain design that can be adjusted to fit any waist size. It can be worn with jeans, dresses, or skirts to instantly elevate your look.","Dieser schicke Kettengürtel ist ein Muss, um jedem Outfit einen Hauch von Wirbelsäule hinzuzufügen. Es besteht aus hochwertigem Metall und verfügt über ein stilvolles Kettendesign, das so eingestellt werden kann, dass sie auf eine beliebige Taillengröße entspricht. Es kann mit Jeans, Kleidern oder Röcken getragen werden, um Ihren Look sofort zu erhöhen.","Este elegante cinturón de cadena es un accesorio imprescindible para agregar un toque de nerviosidad a cualquier atuendo. Hecho de metal de alta calidad, presenta un diseño de cadena elegante que se puede ajustar para que se ajuste a cualquier tamaño de cintura. Se puede usar con jeans, vestidos o faldas para elevar instantáneamente su aspecto.","Este cinto de corrente chique é um acessório obrigatório para adicionar um toque de ousadia a qualquer roupa. Feito de metal de alta qualidade, possui um design de corrente elegante que pode ser ajustado para caber em qualquer tamanho de cintura. Pode ser usado com jeans, vestidos ou saias para elevar instantaneamente sua aparência.","এই চটকদার চেইন বেল্টটি কোনও পোশাকে ad উচ্চমানের ধাতু থেকে তৈরি, এটিতে একটি আড়ম্বরপূর্ণ চেইন ডিজাইন রয়েছে যা কোনও কোমরের আকারের সাথে ফিট করার জন্য সামঞ্জস্য করা যায়। এটি তাত্ক্ষণিকভাবে আপনার চেহারাটি উন্নত করতে জিন্স, পোশাক বা স্কার্টের সাথে পরা যেতে পারে।","यह ठाठ श्रृंखला बेल्ट किसी भी संगठन में edginess का एक स्पर्श जोड़ने के लिए एक गौण है। उच्च गुणवत्ता वाले धातु से निर्मित, इसमें एक स्टाइलिश चेन डिज़ाइन है जिसे किसी भी कमर के आकार को फिट करने के लिए समायोजित किया जा सकता है। यह जींस, कपड़े, या स्कर्ट के साथ पहना जा सकता है ताकि आपके लुक को तुरंत ऊंचा किया जा सके।","Cette courroie de chaîne chic est un accessoire incontournable pour ajouter une touche de nervosité à toute tenue. Fabriqué en métal de haute qualité, il dispose d'une conception de chaîne élégante qui peut être ajustée pour s'adapter à n'importe quelle taille. Il peut être porté avec un jean, des robes ou des jupes pour élever instantanément votre look.",このシックなチェーンベルトは、あらゆる衣装にエッジネスのタッチを追加するための必須アクセサリーです。高品質の金属製で、任意のウエストサイズに合わせて調整できるスタイリッシュなチェーンデザインが特徴です。ジーンズ、ドレス、またはスカートを着用して、すぐに外観を高めます。,"이 세련된 체인 벨트는 모든 복장에 edginess의 터치를 추가하기위한 필수 액세서리입니다. 고품질 금속으로 제작 된이 제품은 허리 크기에 맞게 조정할 수있는 세련된 체인 디자인을 특징으로합니다. 청바지, 드레스 또는 스커트로 착용하여 즉시 외모를 높이십시오.",يعد حزام السلسلة الأنيق هذا ملحقًا لا بد منه لإضافة لمسة من الحكم إلى أي جماعة. مصنوع من المعدن عالي الجودة ، ويتميز بتصميم أنيق السلسلة يمكن ضبطه لتناسب أي حجم الخصر. يمكن ارتداؤها مع الجينز أو الفساتين أو التنانير لرفع مظهرك على الفور.
Clothes.DBS,Dark blue shorts,Dunkelblaue Shorts,Pantalones cortos azul oscuro,Shorts azuis escuros,গা dark ় নীল শর্টস,गहरे नीले रंग के शॉर्ट्स,Shorts bleu foncé,ダークブルーのショートパンツ,진한 파란색 반바지,شورت الأزرق الداكن
Clothes.DBSDesk,"These dark blue shorts are a stylish and comfortable option for warm weather. Made from lightweight fabric, they feature a relaxed fit, elastic waistband, and convenient pockets. Perfect for beach days or casual outings, they can be paired with a T-shirt or tank top for a laid-back yet trendy look.","Diese dunkelblauen Shorts sind eine stilvolle und komfortable Option für warmes Wetter. Sie werden aus leichtem Stoff hergestellt und verfügen über einen entspannten Passform, einen elastischen Bund und bequeme Taschen. Perfekt für Strandtage oder ungezwungene Ausflüge und können mit einem T-Shirt oder einem Tanktop für einen entspannten, aber trendigen Look kombiniert werden.","Estos pantalones cortos azul oscuro son una opción elegante y cómoda para el clima cálido. Hecho de tela liviana, cuentan con un ajuste relajado, cintura elástica y bolsillos convenientes. Perfectos para los días de playa o las salidas informales, se pueden combinar con una camiseta o camiseta sin mangas para un aspecto relajado pero moderno.","Esses shorts azuis escuros são uma opção elegante e confortável para o clima quente. Feito de tecido leve, eles apresentam um ajuste descontraído, cintura elástica e bolsos convenientes. Perfeito para dias de praia ou passeios casuais, eles podem ser combinados com uma camiseta ou tampa para um visual descontraído e moderno.","এই গা dark ় নীল শর্টসগুলি উষ্ণ আবহাওয়ার জন্য একটি আড়ম্বরপূর্ণ এবং আরামদায়ক বিকল্প। লাইটওয়েট ফ্যাব্রিক থেকে তৈরি, এগুলিতে একটি শিথিল ফিট, ইলাস্টিক কোমরবন্ধ এবং সুবিধাজনক পকেট বৈশিষ্ট্যযুক্ত। সৈকত দিন বা নৈমিত্তিক আউটিংয়ের জন্য উপযুক্ত, এগুলি একটি টি-শার্ট বা ট্যাঙ্কের শীর্ষের সাথে যুক্ত করা যেতে পারে তবে একটি লেড-ব্যাক তবুও ট্রেন্ডি চেহারার জন্য।","ये गहरे नीले रंग के शॉर्ट्स गर्म मौसम के लिए एक स्टाइलिश और आरामदायक विकल्प हैं। हल्के कपड़े से निर्मित, वे एक आराम से फिट, लोचदार कमरबंद और सुविधाजनक जेब की सुविधा देते हैं। समुद्र तट के दिनों या आकस्मिक आउटिंग के लिए बिल्कुल सही, उन्हें एक टी-शर्ट या टैंक टॉप के साथ एक रखी-बैक अभी तक फैशनेबल लुक के लिए जोड़ा जा सकता है।","Ces shorts bleu foncé sont une option élégante et confortable pour le temps chaud. Fabriqué en tissu léger, ils présentent un ajustement détendu, une ceinture élastique et des poches pratiques. Parfait pour les journées de plage ou les sorties décontractées, ils peuvent être associés à un t-shirt ou un débardeur pour un look décontracté mais à la mode.",これらのダークブルーのショートパンツは、暖かい気候のためのスタイリッシュで快適なオプションです。軽量の生地で作られているため、リラックスしたフィット感、弾力性のあるウエストバンド、便利なポケットが特徴です。ビーチの日やカジュアルな外出に最適です。Tシャツやタンクトップとペアにして、ゆったりとしたトレンディな外観にすることができます。,"이 진한 파란색 반바지는 따뜻한 날씨를위한 세련되고 편안한 옵션입니다. 가벼운 직물로 만들어진 편안한 착용감, 탄성 허리띠 및 편리한 포켓이 특징입니다. 해변 일 또는 캐주얼 외출에 적합한 티셔츠 나 탱크 탑과 짝을 이루어 느긋하면서도 트렌디 한 모양이 될 수 있습니다.",هذه السراويل الزرقاء الداكنة هي خيار أنيق ومريح للطقس الدافئ. مصنوعة من نسيج خفيف الوزن ، فهي تتميز بملاءمة مريحة ، وحزام مرن ، وجيوب مريحة. مثالي لأيام الشاطئ أو النزهات غير الرسمية ، يمكن إقرانها بقميص أو قمة دبابات لإلقاء نظرة مسترخية ولكنها عصرية.
Clothes.DG,Decorative glasses,Dekorative Brille,Gafas decorativas,Óculos decorativos,আলংকারিক চশমা,सजावटी चश्मा,Lunettes décoratives,装飾的なメガネ,장식 안경,نظارات زخرفية
Clothes.DGDesk,"These stylish glasses are designed to add a touch of glamour and sophistication to any outfit. With their intricate detailing and unique shapes, they are perfect for special occasions or for making a fashion statement.",Diese stilvollen Brillen verleihen jedem Outfit einen Hauch von Glamour und Raffinesse. Mit ihren komplizierten Details und einzigartigen Formen eignen sie sich perfekt für besondere Anlässe oder für ein modisches Statement.,"Estas gafas elegantes están diseñadas para agregar un toque de glamour y sofisticación a cualquier atuendo. Con sus intrincados detalles y formas únicas, son perfectas para ocasiones especiales o para hacer una declaración de moda.","Esses óculos elegantes são projetados para adicionar um toque de glamour e sofisticação a qualquer roupa. Com seus complexos detalhes e formas únicas, elas são perfeitas para ocasiões especiais ou para fazer uma declaração de moda.","এই আড়ম্বরপূর্ণ চশমাগুলি কোনও পোশাকে গ্ল্যামার এবং পরিশীলনের স্পর্শ যুক্ত করার জন্য ডিজাইন করা হয়েছে। তাদের জটিল বিবরণ এবং অনন্য আকারগুলির সাথে, তারা বিশেষ অনুষ্ঠানের জন্য বা ফ্যাশন স্টেটমেন্ট করার জন্য উপযুক্ত।","इन स्टाइलिश चश्मे किसी भी संगठन में ग्लैमर और परिष्कार का एक स्पर्श जोड़ने के लिए डिज़ाइन किए गए हैं। उनके जटिल विवरण और अद्वितीय आकृतियों के साथ, वे विशेष अवसरों के लिए या एक फैशन स्टेटमेंट बनाने के लिए एकदम सही हैं।","Ces lunettes élégantes sont conçues pour ajouter une touche de glamour et de sophistication à n'importe quelle tenue. Avec leurs détails complexes et leurs formes uniques, ils sont parfaits pour des occasions spéciales ou pour faire une déclaration de mode.",これらのスタイリッシュなメガネは、あらゆる服に魅力と洗練されたタッチを追加するように設計されています。複雑なディテールとユニークな形状により、特別な機会やファッションの声明を出すのに最適です。,이 세련된 안경은 모든 복장에 매력과 정교함을 더하도록 설계되었습니다. 복잡한 디테일과 독특한 모양으로 특별한 행사 나 패션 진술을하기에 완벽합니다.,تم تصميم هذه النظارات الأنيقة لإضافة لمسة من السحر والتطور إلى أي جماعة. مع التفاصيل المعقدة والأشكال الفريدة ، فهي مثالية للمناسبات الخاصة أو لإدلاء بيان الموضة.
Clothes.DC,Denim cap,Denim Cap,Tapa de mezclilla,Cap,ডেনিম ক্যাপ,डेनिम कैप,Casquette en jean,デニムキャップ,데님 캡,غطاء الدنيم
Clothes.DCDesk,"This trendy denim cap is a fashionable accessory that adds a cool and casual touch to any outfit. Made from durable denim fabric, it features an adjustable strap for a comfortable fit and a classic curved brim. Whether you're running errands or going for a walk, this cap will keep you stylishly protected from the sun.","Diese trendige Denim -Kappe ist ein modisches Accessoire, das jedem Outfit eine coole und lässige Note verleiht. Es besteht aus haltbarem Jeansstoff und verfügt über einen verstellbaren Riemen für eine bequeme Passform und einen klassischen gekrümmten Krempe. Egal, ob Sie Besorgungen machen oder spazieren gehen, diese Kappe hält Sie stilvoll vor der Sonne.","Esta tamilla de mezclilla de moda es un accesorio de moda que agrega un toque genial e informal a cualquier atuendo. Hecho de tela de mezclilla duradera, presenta una correa ajustable para un ajuste cómodo y un borde curvo clásico. Ya sea que esté haciendo recados o camine, esta gorra lo mantendrá elegante protegido del sol.","Este limite de jeans da moda é um acessório da moda que adiciona um toque legal e casual a qualquer roupa. Feito de tecido de jeans durável, ele possui uma alça ajustável para um ajuste confortável e uma borda curva clássica. Esteja você fazendo recados ou dando um passeio, esse boné o manterá elegantemente protegido do sol.","এই ট্রেন্ডি ডেনিম ক্যাপটি একটি ফ্যাশনেবল আনুষাঙ্গিক যা কোনও পোশাকে একটি দুর্দান্ত এবং নৈমিত্তিক স্পর্শ যুক্ত করে। টেকসই ডেনিম ফ্যাব্রিক থেকে তৈরি, এটিতে একটি আরামদায়ক ফিটের জন্য একটি সামঞ্জস্যযোগ্য স্ট্র্যাপ এবং একটি ক্লাসিক বাঁকানো ব্রিম রয়েছে। আপনি কাজ চালিয়ে যাচ্ছেন বা বেড়াতে যাচ্ছেন না কেন, এই ক্যাপটি আপনাকে সূর্য থেকে আড়ম্বরপূর্ণভাবে সুরক্ষিত রাখবে।","यह ट्रेंडी डेनिम कैप एक फैशनेबल एक्सेसरी है जो किसी भी आउटफिट में एक शांत और आकस्मिक स्पर्श जोड़ता है। टिकाऊ डेनिम फैब्रिक से निर्मित, इसमें एक आरामदायक फिट और एक क्लासिक घुमावदार ब्रिम के लिए एक समायोज्य पट्टा है। चाहे आप काम कर रहे हों या टहलने के लिए जा रहे हों, यह टोपी आपको सूर्य से स्टाइलिश रूप से संरक्षित रखेगी।","Cette casquette en jean à la mode est un accessoire à la mode qui ajoute une touche cool et décontractée à toute tenue. Fabriqué en tissu en jean durable, il dispose d'une sangle réglable pour un ajustement confortable et un bord incurvé classique. Que vous fassiez des courses ou que vous vous promenez, ce capuchon vous gardera avec élégance du soleil.",このトレンディなデニムキャップは、あらゆる衣装にクールでカジュアルなタッチを追加するファッショナブルなアクセサリーです。耐久性のあるデニム生地から作られ、快適なフィット感と古典的な湾曲した縁のための調整可能なストラップが特徴です。あなたが用事をしているかどうかにかかわらず、このキャップはあなたを太陽からスタイリッシュに保護し続けます。,이 최신 유행 데님 캡은 모든 복장에 시원하고 캐주얼 한 터치를 더하는 세련된 액세서리입니다. 내구성있는 데님 패브릭으로 제작 된이 제품은 편안한 착용감과 클래식 곡선 형 가장자리를위한 조절 식 스트랩을 특징으로합니다. 심부름을하거나 산책하든이 모자는 태양으로부터 세련되게 보호됩니다.,هذا الغطاء الدنيم العصري هو ملحق عصري يضيف لمسة باردة وغير رسمية لأي جماعة. مصنوع من نسيج الدنيم المتين ، ويتميز بحزام قابل للتعديل لتناسب مريح وحافة منحنية كلاسيكية. سواء كنت تقوم بتشغيل المهمات أو الذهاب في نزهة على الأقدام ، فإن هذا الغطاء سيبقيك محميًا بشكل أنيق من الشمس.
Clothes.GB,Green bag,Grüne Tasche,Bolsa verde,Bolsa verde,সবুজ ব্যাগ,ग्रीन बैग,Sac vert,緑のバッグ,녹색 가방,كيس خضراء
Clothes.GBDesk,"This trendy green bag is both practical and fashionable. It features a spacious interior, multiple compartments, and a sturdy strap for easy carrying. The vibrant green color adds a pop of color to any outfit, making it a versatile accessory for everyday use.","Diese trendige grüne Tasche ist sowohl praktisch als auch modisch. Es verfügt über einen geräumigen Innenraum, mehrere Fächer und einen robusten Gurt zum einfachen Tragen. Die lebendige grüne Farbe verleiht jedem Outfit einen Farbtupfer und macht sie zu einem vielseitigen Zubehör für den täglichen Gebrauch.","Esta moderna bolsa verde es práctica y de moda. Cuenta con un interior espacioso, compartimentos múltiples y una correa resistente para facilitar el transporte. El vibrante color verde agrega un toque de color a cualquier atuendo, lo que lo convierte en un accesorio versátil para el uso diario.","Esta bolsa verde moderna é prática e elegante. Possui um interior espaçoso, vários compartimentos e uma alça resistente para facilitar o transporte. A cor verde vibrante adiciona um toque de cor a qualquer roupa, tornando -a um acessório versátil para uso diário.","এই ট্রেন্ডি গ্রিন ব্যাগ উভয়ই ব্যবহারিক এবং ফ্যাশনেবল। এটিতে একটি প্রশস্ত অভ্যন্তর, একাধিক বগি এবং সহজ বহন করার জন্য একটি শক্ত স্ট্র্যাপ বৈশিষ্ট্যযুক্ত। প্রাণবন্ত সবুজ রঙ যে কোনও পোশাকে রঙের একটি পপ যুক্ত করে, এটি প্রতিদিনের ব্যবহারের জন্য একটি বহুমুখী আনুষাঙ্গিক করে তোলে।","यह ट्रेंडी ग्रीन बैग व्यावहारिक और फैशनेबल दोनों है। इसमें एक विशाल इंटीरियर, कई डिब्बे और आसान ले जाने के लिए एक मजबूत पट्टा है। जीवंत हरा रंग किसी भी पोशाक में रंग का एक पॉप जोड़ता है, जिससे यह रोजमर्रा के उपयोग के लिए एक बहुमुखी गौण बन जाता है।","Ce sac vert tendance est à la fois pratique et à la mode. Il dispose d'un intérieur spacieux, de plusieurs compartiments et d'une sangle robuste pour le transport facile. La couleur verte vibrante ajoute une touche de couleur à n'importe quelle tenue, ce qui en fait un accessoire polyvalent pour un usage quotidien.",このトレンディなグリーンバッグは、実用的でファッショナブルです。広々としたインテリア、複数のコンパートメント、頑丈なストラップがあり、持ち運びが簡単です。鮮やかな緑色の色は、あらゆる衣装にポップな色を追加し、日常の使用に汎用性の高いアクセサリーになります。,"이 최신 유행의 녹색 가방은 실용적이고 유행입니다. 넓은 내부, 여러 구획 및 견고한 끈이있어 쉽게 운반 할 수 있습니다. 생생한 녹색은 모든 복장에 팝 컬러를 추가하여 일상적인 사용을위한 다양한 액세서리를 만듭니다.",هذه الحقيبة الخضراء العصرية عملية وعصرية. إنه يتميز بتصميم داخلي واسع ، مقصورات متعددة ، وحزام قوي لسهولة حمله. يضيف اللون الأخضر النابض بالحياة من موسيقى البوب ​​إلى أي ملابس ، مما يجعله ملحقًا متعدد الاستخدامات للاستخدام اليومي.
Clothes.GH,Green hoodie,Grüner Hoodie,Sudadera con capucha verde,Hoodie verde,সবুজ হুডি,ग्रीन हूडि,Sweat à capuche vert,グリーンパーカー,녹색 까마귀,هوديي الأخضر
Clothes.GHDesk,"This stylish green hoodie is a versatile piece that can be dressed up or down. Made from comfortable fabric, it features a hood, front pocket, and ribbed cuffs and hem. The fresh green color adds a pop of color to any outfit, making it a great choice for casual or sporty looks.","Dieser stilvolle grüne Hoodie ist ein vielseitiges Stück, das hoch oder runter gekleidet werden kann. Es besteht aus bequemem Stoff und verfügt über Kapuze, Fronttasche und gerippte Manschetten und Saum. Die frische grüne Farbe verleiht jedem Outfit einen Farbtupfer, was es zu einer guten Wahl für lässige oder sportliche Looks macht.","Esta elegante sudadera verde es una pieza versátil que se puede vestir hacia arriba o hacia abajo. Hecho de tela cómoda, presenta una capucha, bolsillo delantero y puños acanalados y dobladillo. El color verde fresco agrega un toque de color a cualquier atuendo, por lo que es una excelente opción para un aspecto casual o deportivo.","Este elegante moletom verde é uma peça versátil que pode ser vestida para cima ou para baixo. Feito de tecido confortável, possui um capuz, bolso dianteiro e punhos com nervuras e bainha. A cor verde fresca adiciona um toque de cor a qualquer roupa, tornando -a uma ótima opção para looks casuais ou esportivos.","এই আড়ম্বরপূর্ণ সবুজ হুডি একটি বহুমুখী টুকরা যা উপরে বা নীচে পোশাক পরে যেতে পারে। আরামদায়ক ফ্যাব্রিক থেকে তৈরি, এটিতে একটি হুড, সামনের পকেট এবং পাঁজরযুক্ত কাফ এবং হেম রয়েছে। তাজা সবুজ রঙ যে কোনও পোশাকে রঙের একটি পপ যুক্ত করে, এটি নৈমিত্তিক বা খেলাধুলার চেহারার জন্য দুর্দান্ত পছন্দ করে তোলে।","यह स्टाइलिश ग्रीन हूडि एक बहुमुखी टुकड़ा है जिसे ऊपर या नीचे तैयार किया जा सकता है। आरामदायक कपड़े से निर्मित, इसमें एक हुड, फ्रंट पॉकेट और रिब्ड कफ और हेम शामिल हैं। ताजा हरा रंग किसी भी पोशाक में रंग का एक पॉप जोड़ता है, जिससे यह आकस्मिक या स्पोर्टी लुक के लिए एक बढ़िया विकल्प बन जाता है।","Ce sweat à capuche vert élégant est une pièce polyvalente qui peut être habillée ou bas. Fabriqué à partir de tissu confortable, il dispose d'une capuche, d'une poche avant, de poignets côtelés et d'ourlet. La couleur verte fraîche ajoute une touche de couleur à n'importe quelle tenue, ce qui en fait un excellent choix pour les looks décontractés ou sportifs.",このスタイリッシュな緑のパーカーは、上下にドレスアップできる多才な作品です。快適な生地で作られており、フード、フロントポケット、リブ付きの袖口と裾があります。新鮮な緑色の色は、あらゆる衣装にポップな色を追加し、カジュアルまたはスポーティなルックスに最適です。,"이 세련된 녹색 까마귀는 옷을 입거나 아래로 옷을 입을 수있는 다재다능한 조각입니다. 편안한 직물로 만들어졌으며 후드, 앞 주머니 및 리브 커프와 밑단이 특징입니다. 신선한 녹색은 모든 복장에 팝 컬러를 추가하여 캐주얼하거나 스포티 한 외모에 적합한 선택입니다.",هذا هوديي الأخضر الأنيق هو قطعة متعددة الاستخدامات يمكن أن ترتدي ملابسها لأعلى أو لأسفل. مصنوع من نسيج مريح ، ويتميز بغطاء ، وجيب أمامي ، وأصفاد مضلعة وتنحنح. يضيف اللون الأخضر الطازج موسيقى البوب ​​إلى أي ملابس ، مما يجعله خيارًا رائعًا للمظهر غير الرسمي أو الرياضي.
Clothes.PH,Purple hoodie,Lila Hoodie,Sudadera con capucha púrpura,Hoodie roxo,বেগুনি হুডি,बैंगनी हूडि,Sweat à capuche violet,紫色のパーカー,보라색 까마귀,هوديي الأرجواني
Clothes.PHDesk,"This vibrant purple hoodie is a fun and trendy addition to your wardrobe. Made from soft and cozy fabric, it features a hood, front pocket, and ribbed cuffs and hem. The rich purple color adds a playful touch to any outfit, making it perfect for casual outings or lounging at home.","Dieser lebendige lila Hoodie ist eine lustige und trendige Ergänzung Ihrer Garderobe. Es besteht aus weichem und gemütlichem Stoff und verfügt über eine Kapuze, eine vordere Tasche und gerippte Manschetten und einen Saum. Die reiche lila Farbe verleiht jedem Outfit eine spielerische Note, die es perfekt für lässige Ausflüge oder zu Hause fauert.","Esta vibrante sudadera púrpura es una adición divertida y moderna a su guardarropa. Hecho de tela suave y acogedora, presenta una capucha, bolsillo delantero y puños acanalados y dobladillo. El rico color morado agrega un toque lúdico a cualquier atuendo, lo que lo hace perfecto para salidas casuales o descansando en casa.","Este capuz roxo vibrante é uma adição divertida e moderna ao seu guarda -roupa. Feito de tecido macio e aconchegante, possui um capô, bolso dianteiro e punhos com nervuras e bainha. A rica cor roxa adiciona um toque divertido a qualquer roupa, tornando -a perfeita para passeios casuais ou relaxar em casa.","এই প্রাণবন্ত বেগুনি হুডি আপনার পোশাকের জন্য একটি মজাদার এবং ট্রেন্ডি সংযোজন। নরম এবং আরামদায়ক ফ্যাব্রিক থেকে তৈরি, এটিতে একটি হুড, সামনের পকেট এবং পাঁজরযুক্ত কাফ এবং হেম রয়েছে। সমৃদ্ধ বেগুনি রঙ যে কোনও পোশাকে একটি কৌতুকপূর্ণ স্পর্শ যুক্ত করে, এটি নৈমিত্তিক আউটসিং বা বাড়িতে লাউংিংয়ের জন্য উপযুক্ত করে তোলে।","यह जीवंत बैंगनी हूडि आपकी अलमारी के लिए एक मजेदार और ट्रेंडी अतिरिक्त है। नरम और आरामदायक कपड़े से निर्मित, इसमें एक हुड, फ्रंट पॉकेट और रिब्ड कफ और हेम शामिल हैं। समृद्ध बैंगनी रंग किसी भी पोशाक में एक चंचल स्पर्श जोड़ता है, जिससे यह कैज़ुअल आउटिंग या घर पर लाउंज करने के लिए एकदम सही है।","Ce sweat à capuche violet vibrant est un ajout amusant et à la mode à votre garde-robe. Fabriqué en tissu doux et confortable, il dispose d'une capuche, d'une poche avant et de poignets côtelés et d'ourlet. La riche couleur violette ajoute une touche ludique à n'importe quelle tenue, ce qui le rend parfait pour les sorties décontractées ou se prélasser à la maison.",この鮮やかな紫色のパーカーは、ワードローブに楽しくてトレンディな追加です。柔らかくて居心地の良い生地で作られており、フード、フロントポケット、リブ付きの袖口と裾があります。豊かな紫色の色は、どんな衣装にも遊び心のあるタッチを追加し、カジュアルな外出や自宅でのくつろいに最適です。,"이 생생한 보라색 까마귀는 옷장에 재미 있고 트렌디 한 추가입니다. 부드럽고 아늑한 직물로 만든이 제품에는 후드, 앞 주머니 및 리브 커프와 밑단이 있습니다. 풍부한 자주색 색상은 모든 복장에 장난기 넘치는 터치를 추가하여 캐주얼 외출이나 집에서 어울리는 데 적합합니다.",هذا هوديي الأرجواني النابض بالحياة هو إضافة ممتعة وعصرية إلى خزانة ملابسك. مصنوع من نسيج ناعم ودافئ ، ويتميز بغطاء محرك وجيب أمامي وأصفاد مضلعة وتنحنح. يضيف اللون الأرجواني الغني لمسة مرحة إلى أي جماعة ، مما يجعله مثاليًا للنزهات غير الرسمية أو التسكع في المنزل.
Clothes.WS,White sneakers,Weiße Turnschuhe,Zapatillas blancas,Tênis branco,সাদা স্নিকার্স,सफेद स्नीकर्स,des baskettes blanches,白いスニーカー,흰색 운동화,أحذية رياضية بيضاء
Clothes.WSDesk,"These sleek white sneakers are a timeless and versatile footwear option. Made from high-quality materials, they feature a comfortable fit, durable sole, and stylish design. Whether you're going for a casual or sporty look, these sneakers will add a touch of sophistication to your outfit.","Diese schlanken weißen Turnschuhe sind eine zeitlose und vielseitige Schuhoption. Sie werden aus hochwertigen Materialien hergestellt und verfügen über eine komfortable Passform, eine langlebige Sohle und ein stilvolles Design. Egal, ob Sie einen ungezwungenen oder sportlichen Look haben, diese Sneaker verleihen Ihrem Outfit einen Hauch von Raffinesse.","Estas elegantes zapatillas blancas son una opción de calzado atemporal y versátil. Hechos de materiales de alta calidad, cuentan con un diseño cómodo, suela duradera y elegante. Ya sea que vaya por un aspecto informal o deportivo, estas zapatillas de deporte agregarán un toque de sofisticación a su atuendo.","Esses tênis brancos elegantes são uma opção de calçados atemporais e versáteis. Feito de materiais de alta qualidade, eles apresentam um ajuste confortável, sola durável e design elegante. Esteja você buscando uma aparência casual ou esportiva, esses tênis adicionarão um toque de sofisticação à sua roupa.","এই স্নিগ্ধ সাদা স্নিকারগুলি একটি নিরবধি এবং বহুমুখী পাদুকা বিকল্প। উচ্চমানের উপকরণ থেকে তৈরি, এগুলিতে একটি আরামদায়ক ফিট, টেকসই একমাত্র এবং আড়ম্বরপূর্ণ নকশা বৈশিষ্ট্যযুক্ত। আপনি কোনও নৈমিত্তিক বা খেলাধুলার চেহারার জন্য যাচ্ছেন না কেন, এই স্নিকারগুলি আপনার পোশাকে পরিশীলনের স্পর্শ যুক্ত করবে।","ये चिकना सफेद स्नीकर्स एक कालातीत और बहुमुखी फुटवियर विकल्प हैं। उच्च गुणवत्ता वाली सामग्रियों से निर्मित, वे एक आरामदायक फिट, टिकाऊ एकमात्र और स्टाइलिश डिजाइन की सुविधा देते हैं। चाहे आप एक आकस्मिक या स्पोर्टी लुक के लिए जा रहे हों, ये स्नीकर्स आपके आउटफिट में परिष्कार का एक स्पर्श जोड़ देंगे।","Ces baskets blanches élégantes sont une option de chaussures intemporelle et polyvalente. Fabriqués à partir de matériaux de haute qualité, ils présentent un ajustement confortable, une semelle durable et un design élégant. Que vous alliez pour un look décontracté ou sportif, ces baskets ajouteront une touche de sophistication à votre tenue.",これらの洗練された白いスニーカーは、時代を超越した多用途の履物のオプションです。高品質の素材で作られており、快適なフィット感、耐久性のあるソール、スタイリッシュなデザインが特徴です。カジュアルな外観であろうとスポーティな外観であろうと、これらのスニーカーは衣装に洗練されたタッチを追加します。,"이 매끄러운 흰색 운동화는 시대를 초월하고 다재다능한 신발 옵션입니다. 고품질 재료로 제작 된 편안한 착용감, 내구성있는 밑창 및 세련된 디자인이 특징입니다. 캐주얼이든 스포티 한 모양을하든이 운동화는 복장에 정교함을 더할 것입니다.",هذه الأحذية الرياضية البيضاء الأنيقة هي خيار أحذية خالدة ومتعددة الاستخدامات. مصنوعة من مواد عالية الجودة ، فهي تتميز بتصميم مريح ونعل متين وأنيق. سواء كنت ستذهب لإلقاء نظرة غير رسمية أو رياضية ، فإن هذه الأحذية الرياضية ستضيف لمسة من التطور إلى ملابسك.